id,name,region,dominant_gender
1,Birchwood Road No. 1,BARNET,FEMALE
2,Kingsley House No. 2,BARNET,ANY
3,Oakfield Court No. 3,BARNET,MALE
4,Larch House No. 4,BARNET,ANY
5,Riverside Close No. 5,BARNET,ANY
6,Birchwood Road No. 6,BARNET,FEMALE
7,Meadow Gardens No. 7,BARNET,ANY
8,Meadow House No. 8,BARNET,FEMALE
9,Meadow Rise No. 9,BARNET,FEMALE
10,Foxglove Road No. 10,BARNET,ANY
11,Rowan Rise No. 11,BARNET,MALE
12,Priory Court No. 12,BARNET,ANY
13,Elm Gardens No. 13,BARNET,MALE
14,Elm Court No. 14,BARNET,MALE
15,Foxglove Avenue No. 15,BARNET,FEMALE
16,Chestnut Road No. 16,BARNET,MALE
17,Willow Gardens No. 17,BARNET,MALE
18,Fairview Road No. 18,BARNET,FEMALE
19,Sycamore Close No. 19,BARNET,FEMALE
20,Chestnut Lodge No. 20,BARNET,MALE
21,Priory Road No. 21,BARNET,ANY
22,Cedar House No. 22,BARNET,MALE
23,Birchwood Gardens No. 23,BARNET,FEMALE
24,Maple Court No. 24,BARNET,MALE
25,Langley Road No. 25,BARNET,MALE
26,Riverside Road No. 26,BARNET,MALE
27,Meadow House No. 27,BARNET,FEMALE
28,Sunnybank House No. 28,BARNET,ANY
29,Sycamore Lodge No. 29,BARNET,FEMALE
30,Hillcrest Court No. 30,BARNET,MALE
31,Larch Road No. 31,HERTFORDSHIRE,FEMALE
32,Rowan Rise No. 32,HERTFORDSHIRE,MALE
33,Priory Lodge No. 33,HERTFORDSHIRE,ANY
34,Elm Lodge No. 34,HERTFORDSHIRE,FEMALE
35,Oakfield Gardens No. 35,HERTFORDSHIRE,FEMALE
36,Kingsley Rise No. 36,HERTFORDSHIRE,ANY
37,Sunnybank Avenue No. 37,HERTFORDSHIRE,FEMALE
38,Foxglove Rise No. 38,HERTFORDSHIRE,ANY
39,Kingsley Close No. 39,HERTFORDSHIRE,MALE
40,Foxglove Gardens No. 40,HERTFORDSHIRE,FEMALE
41,Sycamore Lodge No. 41,HERTFORDSHIRE,ANY
42,Sunnybank Gardens No. 42,HERTFORDSHIRE,ANY
43,Brookside Road No. 43,HERTFORDSHIRE,FEMALE
44,Sunnybank Road No. 44,HERTFORDSHIRE,FEMALE
45,Elm Road No. 45,HERTFORDSHIRE,MALE
46,Hillcrest Close No. 46,HERTFORDSHIRE,MALE
47,Rowan Court No. 47,HERTFORDSHIRE,ANY
48,Willow Gardens No. 48,HERTFORDSHIRE,ANY
49,Sycamore House No. 49,HERTFORDSHIRE,ANY
50,Ashgrove Avenue No. 50,KENT,FEMALE
51,Fairview Close No. 51,KENT,FEMALE
52,Sycamore Court No. 52,KENT,MALE
53,Foxglove Road No. 53,KENT,ANY
54,Meadow Avenue No. 54,KENT,ANY
55,Willow Avenue No. 55,KENT,FEMALE
56,Ashgrove Avenue No. 56,KENT,FEMALE
57,Langley Lodge No. 57,KENT,FEMALE
58,Highfield Gardens No. 58,KENT,MALE
59,Chestnut Gardens No. 59,KENT,FEMALE
60,Sycamore House No. 60,KENT,FEMALE
61,Birchwood Rise No. 61,KENT,MALE
62,Elm Gardens No. 62,KENT,FEMALE
63,Willow Avenue No. 63,KENT,FEMALE
64,Rowan Avenue No. 64,KENT,ANY
65,Birchwood Avenue No. 65,KENT,FEMALE
66,Langley Court No. 66,KENT,MALE
67,Rowan House No. 67,KENT,MALE
68,Kingsley Lodge No. 68,KENT,ANY
69,Hillcrest Court No. 69,KENT,ANY
70,Larch House No. 70,NORTHANTS,FEMALE
71,Fairview Close No. 71,NORTHANTS,ANY
72,Highfield Road No. 72,NORTHANTS,FEMALE
73,Rowan Lodge No. 73,NORTHANTS,MALE
74,Foxglove Avenue No. 74,NORTHANTS,ANY
75,Ashgrove House No. 75,NORTHANTS,FEMALE
76,Langley Court No. 76,NORTHANTS,MALE
77,Foxglove Close No. 77,NORTHANTS,ANY
78,Grange Lodge No. 78,NORTHANTS,ANY
79,Larch House No. 79,NORTHANTS,ANY
80,Oakfield Rise No. 80,NORTHANTS,ANY
81,Chestnut House No. 81,NORTHANTS,FEMALE
82,Willow Rise No. 82,NORTHANTS,ANY
83,Ashgrove Road No. 83,NORTHANTS,FEMALE
84,Sycamore Gardens No. 84,BUCKS,MALE
85,Rowan Close No. 85,BUCKS,MALE
86,Harewood House No. 86,BUCKS,FEMALE
87,Priory Gardens No. 87,BUCKS,MALE
88,Cedar Court No. 88,BUCKS,ANY
89,Sycamore House No. 89,BUCKS,MALE
90,Maple Gardens No. 90,BUCKS,FEMALE
91,Grange Lodge No. 91,CORNWALL,FEMALE
92,Willow House No. 92,CORNWALL,FEMALE
93,Grange Avenue No. 93,CORNWALL,ANY
94,Cedar Close No. 94,CORNWALL,FEMALE
95,Hillcrest Road No. 95,CORNWALL,ANY
96,Brookside Gardens No. 96,CORNWALL,ANY
97,Rowan Close No. 97,GLOUCOXF,ANY
98,Oakfield Road No. 98,GLOUCOXF,FEMALE
99,Ashgrove Road No. 99,GLOUCOXF,MALE
100,Woodland Court No. 100,GLOUCOXF,MALE
101,Sycamore Court No. 101,GLOUCOXF,FEMALE
102,Ashgrove Avenue No. 102,MANCHESTER,FEMALE
